{
  "symbols": [
    "BTC-USDT",
    "ETH-USDT",
    "SOL-USDT",
    "LINK-USDT",
    "AVAX-USDT",
    "DOT-USDT",
    "UNI-USDT",
    "AAVE-USDT",
    "ATOM-USDT",
    "ADA-USDT",
    "DOGE-USDT"
  ],
  "windows": [
    0,
    1,
    2
  ],
  "corr_matrix": [
    [
      1.0,
      0.7225840227151359,
      0.9012329131944323,
      0.9514671284361261,
      0.6464753013580345,
      0.584187463192528,
      0.7085395358076836,
      -0.1835305267044083,
      -0.528857365939502,
      0.371531564574873,
      -0.043092687859916275
    ],
    [
      0.7225840227151359,
      1.0,
      0.9507736788936877,
      0.9002575911352394,
      0.994536740259624,
      0.9831828614015545,
      0.9997978687287612,
      0.5469247506745438,
      -0.968843264091923,
      -0.37333851050168815,
      0.6595028688165924
    ],
    [
      0.9012329131944323,
      0.9507736788936877,
      1.0,
      0.9908525128496155,
      0.913231232882078,
      0.8781917967360747,
      0.9443511550678522,
      0.26057064102547556,
      -0.8443997381456606,
      -0.0674805614109373,
      0.3940959333432626
    ],
    [
      0.9514671284361261,
      0.9002575911352394,
      0.9908525128496155,
      1.0,
      0.8498935174562231,
      0.8056111585516882,
      0.8913226402687963,
      0.12789968356212583,
      -0.7643814557692428,
      0.0677783528731387,
      0.2664632396853846
    ],
    [
      0.6464753013580345,
      0.994536740259624,
      0.913231232882078,
      0.8498935174562231,
      1.0,
      0.9968750543450049,
      0.996434444146244,
      0.631327758479222,
      -0.9894042662713702,
      -0.46813830031628223,
      0.7343678502566022
    ],
    [
      0.584187463192528,
      0.9831828614015545,
      0.8781917967360747,
      0.8056111585516882,
      0.9968750543450049,
      1.0,
      0.9866558297955902,
      0.6906163775719961,
      -0.997781383329879,
      -0.536479267130304,
      0.7856906197273776
    ],
    [
      0.7085395358076836,
      0.9997978687287612,
      0.9443511550678522,
      0.8913226402687963,
      0.996434444146244,
      0.9866558297955902,
      1.0,
      0.5636459615293923,
      -0.9736269949656422,
      -0.3919146047594942,
      0.6744827315880255
    ],
    [
      -0.1835305267044083,
      0.5469247506745438,
      0.26057064102547556,
      0.12789968356212583,
      0.631327758479222,
      0.6906163775719961,
      0.5636459615293923,
      1.0,
      -0.7372330582438766,
      -0.9808375695073477,
      0.9900096919986721
    ],
    [
      -0.528857365939502,
      -0.968843264091923,
      -0.8443997381456606,
      -0.7643814557692428,
      -0.9894042662713702,
      -0.997781383329879,
      -0.9736269949656422,
      -0.7372330582438766,
      1.0,
      0.5914730764943821,
      -0.8251324492703909
    ],
    [
      0.371531564574873,
      -0.37333851050168815,
      -0.0674805614109373,
      0.0677783528731387,
      -0.46813830031628223,
      -0.536479267130304,
      -0.3919146047594942,
      -0.9808375695073477,
      0.5914730764943821,
      1.0,
      -0.943568187505988
    ],
    [
      -0.043092687859916275,
      0.6595028688165924,
      0.3940959333432626,
      0.2664632396853846,
      0.7343678502566022,
      0.7856906197273776,
      0.6744827315880255,
      0.9900096919986721,
      -0.8251324492703909,
      -0.943568187505988,
      1.0
    ]
  ],
  "clusters": [
    [
      "BTC-USDT",
      "ETH-USDT",
      "SOL-USDT",
      "LINK-USDT",
      "AVAX-USDT",
      "UNI-USDT"
    ],
    [
      "DOT-USDT",
      "ETH-USDT",
      "SOL-USDT",
      "LINK-USDT",
      "AVAX-USDT",
      "UNI-USDT",
      "AAVE-USDT",
      "DOGE-USDT"
    ],
    [
      "ATOM-USDT"
    ],
    [
      "ADA-USDT"
    ]
  ],
  "pair_avg_returns": {
    "BTC-USDT": {
      "0": -0.622382864210352,
      "1": -0.6688176896479355,
      "2": -0.4331747507474303
    },
    "ETH-USDT": {
      "0": -0.41696508866362714,
      "1": -0.7876254911463062,
      "2": -0.3729164520245425
    },
    "SOL-USDT": {
      "0": -0.3591490779302651,
      "1": -0.46417379634088524,
      "2": -0.28829009976223774
    },
    "LINK-USDT": {
      "0": -0.3611458601228645,
      "1": -0.5595248356280457,
      "2": -0.14579641369291998
    },
    "AVAX-USDT": {
      "0": -0.24758528247482298,
      "1": -0.4768215716310722,
      "2": -0.24962414462667398
    },
    "DOT-USDT": {
      "0": -0.256400242366106,
      "1": -0.5774383422881071,
      "2": -0.28711980809514787
    },
    "UNI-USDT": {
      "0": -0.18445132815469617,
      "1": -0.5525945814107217,
      "2": -0.1502496067035687
    },
    "AAVE-USDT": {
      "0": -0.39869886353876577,
      "1": -0.5120732094192171,
      "2": -0.4936571922699758
    },
    "ATOM-USDT": {
      "0": -0.45494951880535794,
      "1": -0.22739896007120722,
      "2": -0.417644651079104
    },
    "ADA-USDT": {
      "0": -0.39996859867150003,
      "1": -0.3353902052443084,
      "2": -0.3320094083902949
    },
    "DOGE-USDT": {
      "0": -0.33606336052354663,
      "1": -0.4522935629882565,
      "2": -0.41776811914456374
    }
  }
}